relative_path,bytes,sha256
.gitignore,616,8251123c71d48d573b97abf74bcb0842486585a56441cc14ab5e5b7ebb803427
00_研究说明/两阶段加注预测系统报告_v9.md,3079,8cac2fa94f2a98593c47b7caeada99c03cd3d8043a5293192b667fc066e81477
00_研究说明/当前活动版本说明_v9.md,925,d5f74facf6aa4673d1ec9f23305fbb610c9570eac1e7cb97b822f92923246f6b
00_研究说明/真实海上航线DCRank完全修复报告_v8.md,7481,f24a47b28adea0524d59356498a935158aee2141623a71edb2651d47d058317c
02_数据_output/ml_bunkering_v1/dcrank_searoute_audit_checks_v8.csv,2724,36d0ff6b6147c19b25f57d7ca91d6d04fb77dfcc2cd077becaa34aece9b7abc4
02_数据_output/ml_bunkering_v1/dcrank_searoute_audit_report_v8.json,4832,fa001bb3523d82546a43e67fe27da9b2f6aa7eddb00d6b701fafd46a3000d56a
02_数据_output/ml_bunkering_v1/dcrank_searoute_budget_curve_v8.csv,19464,8e4522c4181065fabe3292e8b435cd1c620be248591ce98be4c1372b782d51a7
02_数据_output/ml_bunkering_v1/dcrank_searoute_candidate_sensitivity_v8.csv,3072895,10ad6b0f4214e25e86aa31c6fd6a67900ce63a5b2da8584192883ef21eccf7f1
02_数据_output/ml_bunkering_v1/dcrank_searoute_crude_metrics_v8.csv,1941,d787db874ec31677230f7375a4b2539c530460135e48c775b49607b551e2333f
02_数据_output/ml_bunkering_v1/dcrank_searoute_dynamic_budgets_v8.parquet,204473,26bab81aac194614a7b7915d11ff024be4ea651a965ff3340aac648844144f5a
02_数据_output/ml_bunkering_v1/dcrank_searoute_metrics_v8.csv,1964,27847263cbaf08563f95b6b8218a8b29df8ea63bba4c368a9cd141bfc6d284e1
02_数据_output/ml_bunkering_v1/dcrank_searoute_model_v8.pt,4997,af9ff8d4edc9243779b5d2f5b167d547837db91020ed2e28212f2a0271e22d62
02_数据_output/ml_bunkering_v1/dcrank_searoute_report_v8.json,15332,4f4cd47b97e127a46d0e99238165f99a28f4bd3333233dc11611e3469c9c1d82
02_数据_output/ml_bunkering_v1/dcrank_searoute_seed_stability_v8.csv,1271,6e817d2e2c74d9e039a0139cfcf3fc19a1736f918cdfe4c106aee66285fbce28
02_数据_output/ml_bunkering_v1/dcrank_searoute_shuffle_v8.csv,21707,6b432d8e940f5fc3a701e3c04006b6f2f646ccf46d54d4189127e2d3a4704958
02_数据_output/ml_bunkering_v1/dcrank_searoute_weights_v8.csv,1770,30c478097209ef4a0d911d026e3fcccfb267b4a4ead900a566e3c11fef991453
02_数据_output/ml_bunkering_v1/hormuz_network_scenario_metrics_v8.csv,3796,869a4e3df51d200c5fbb16c9d7b97585f8f46199fefcd58a04d39b1eaf0896c4
02_数据_output/ml_bunkering_v1/hormuz_network_scenario_report_v8.json,10198,baa357dd66822c99976f95390312cf6b2bbd62db53ba2fed24158b6b68181156
02_数据_output/ml_bunkering_v1/redsea_adapted_dcrank_model_v9.pt,4805,aae5801eb10c92d9508f11b6b7c0ab60cc6c97d034061a924c7dfbc569395947
02_数据_output/ml_bunkering_v1/redsea_transfer_dcrank_metrics_v9.csv,1102,ef672f8a9b7050526fc6c87678a27799c8b75c2aae218f5a6a3e4077644afd51
02_数据_output/ml_bunkering_v1/redsea_transfer_dcrank_report_v9.json,6483,bb0c5d21ae1e8c30e1e135dfb2c5fa38043bf1087c1a734267bfb5752ad8d6c5
02_数据_output/ml_bunkering_v1/redsea_transfer_dcrank_tuning_v9.csv,1167,7d6748a9adaed945497e8661f1c476ab2c2ae4023d8d2fdaafa18d7556a4db11
02_数据_output/ml_bunkering_v1/reviewer_controls_report_v9.json,10543,9125b197b57ec7a8992441278e59623b133eb813aa527b8b7b9e9c17cb48bfa4
02_数据_output/ml_bunkering_v1/stage1_coldstart_od_vessel_v9.csv,1745,d7769e666c13cd9a5fe361c29379d084684eaee2e5b810dac6d18a703b0aa314
02_数据_output/ml_bunkering_v1/stage2_metric_oracle_controls_v9.csv,1540,6041d28ad0359bbe1a2fca5c1068603cac1e09f0241bfe49106044b29d6dd37d
02_数据_output/ml_bunkering_v1/two_stage_audit_checks_v9.csv,1045,69e0f3044b97d1535ac9bcfa93d7fc75d33d767f6b28d996eabaf4910fa5808e
02_数据_output/ml_bunkering_v1/two_stage_audit_report_v9.json,1941,2165249c8a79fa1548b08caa599fe06dce2c3f0ce0aa539c9a977e22d5256c8e
02_数据_output/ml_bunkering_v1/two_stage_occurrence_metrics_v9.csv,780,5d60ee34c80f68b6481b41b220a79086a27f03490b4634bc508b45bd6398646f
02_数据_output/ml_bunkering_v1/two_stage_occurrence_models_v9.joblib,1655964,d9e8ade6d06348988e9b36573a10e28d75ac954216f792bf5d58d27f5adeeed7
02_数据_output/ml_bunkering_v1/two_stage_occurrence_report_v9.json,2984,f9568ec2bcae4ff2a0d3b1b41f948f71a4ff34f78c1d7cd03a8765fd816c3de5
02_数据_output/ml_bunkering_v1/two_stage_system_metrics_v9.csv,973,e2f13491e2fb30b4f997ae3a5879faadb4384bf0655f9c36e198ba54110a114a
02_数据_output/ml_bunkering_v1/two_stage_system_report_v9.json,2811,273fc0de2b447478ae059a4b928762a1f2b1df9bd05a2f401dc891c5d39ea82b
03_代码_pipeline/ml_bunkering_v1/08_shock_port_ranker.py,11025,95c20fcd53a3eaf712f6abd637a75bc48e856091254d19be907fa3ffb08a3c6b
03_代码_pipeline/ml_bunkering_v1/10_dynamic_port_ranker.py,14446,71d87ddd16f24f4e8dd17028946d9368702527d4d2d33964fffbbe7056432521
03_代码_pipeline/ml_bunkering_v1/12_end_to_end_port_ranker.py,17922,b6124aae99b336176184942c7689ba70c1d647f07dd76a43f1a54c8cdaec2ffb
03_代码_pipeline/ml_bunkering_v1/26_occurrence_features_v9.py,7550,937efab15090d8ebe75a0435d8097ba4928d7f99fb5693e1529c9cf2f04392c5
03_代码_pipeline/ml_bunkering_v1/27_dcrank_searoute_repaired.py,27447,0115da3d2eba429d3ea55b4d4a1bbe3ba4ed9df2c156709dc4fc280d96eb71c6
03_代码_pipeline/ml_bunkering_v1/28_dcrank_searoute_figures.py,10266,fd8fb80f2646f354941fba80971adb2fc965db955ffab63de255dde3ac722b33
03_代码_pipeline/ml_bunkering_v1/29_dcrank_searoute_audit.py,8935,c25de26f45e5f136ba67f64f4fff49adc4f2df68ea704dcff70584b63a587d2a
03_代码_pipeline/ml_bunkering_v1/30_hormuz_network_comparison.py,11330,a6c9779e72e3f20715d8c759bb57b0aa4183f03b909c4cd1105826304b548a40
03_代码_pipeline/ml_bunkering_v1/31_occurrence_stage_v9.py,7239,28fda679affeaf0179641a13f766311326f4fdc80d92f2d6c66f9182d1816212
03_代码_pipeline/ml_bunkering_v1/32_redsea_transfer_dcrank_v9.py,7130,91834cac87f25da1a311df968308e5479e7b83eaaa7ab88761613b4fd5d1d4dd
03_代码_pipeline/ml_bunkering_v1/33_two_stage_system_v9.py,7859,15369c5f4a0147be55aeef48176a2041634224cd86916967b902bb2149f97996
03_代码_pipeline/ml_bunkering_v1/34_two_stage_figures_v9.py,5894,19ed56ebe0b09d4846c01caa921f6313ffd19741bcb28eb7809b20c28dbd7561
03_代码_pipeline/ml_bunkering_v1/35_two_stage_audit_v9.py,4872,9f67ade977cc1b52b515359d39f030b520379e0319fc5a36b3a8f6c082b08434
03_代码_pipeline/ml_bunkering_v1/36_ml_diagnostics_figures_v9.py,18033,7eafc42a2e105d5a8b46ab2760dafa66ee4c374cbab3fe8460544fb61338ee6a
03_代码_pipeline/ml_bunkering_v1/37_geo_network_figures_v9.py,20227,756bad5e1e48d459264aabba1ae496339abc1b44cf4f42c8de7227ee1f47c2f9
03_代码_pipeline/ml_bunkering_v1/38_reviewer_controls_v9.py,14096,8b4d466d14a70ab39cb52d3c8febe7d3b69bb5583f8e28d8145b9e19e0f48026
03_代码_pipeline/ml_bunkering_v1/run_two_stage_v9.py,748,1669ba98e56406bc2f3972fed28da57b54183794719be1af14994301932366dc
04_图表_figures/ml_bunkering_v1/fig_dcrank_searoute_diagnostics_v8.pdf,44271,9f104058d7b2999d5d859c1036ec6d68ebc2b72ef127b49c01691498cde21c3d
04_图表_figures/ml_bunkering_v1/fig_dcrank_searoute_diagnostics_v8.png,217793,517b1f1eea74334dd88122866159ef7d9d254335e8321319fd18c84eb96e3807
04_图表_figures/ml_bunkering_v1/fig_dcrank_searoute_main_v8.pdf,40848,faa9220ceaa43a491d5017931cd464254aff5432f61fbc890fae677a0dfe10bd
04_图表_figures/ml_bunkering_v1/fig_dcrank_searoute_main_v8.png,245109,5b2cff2f4eb1b3b25013f6c2e833295583cdc0c2713fae8fe258e1577cadf6c0
04_图表_figures/ml_bunkering_v1/fig_geo_coverage_v9.pdf,340850,c8f6e2dd77b3d55492fbf368fecfde1704f1a085b6ce1d1e5e19122fe1e743ff
04_图表_figures/ml_bunkering_v1/fig_geo_coverage_v9.png,941609,6187ad5c043c66001660e8aaed7bc98ae4114b7cc2b5c8b9e589915d92de6d32
04_图表_figures/ml_bunkering_v1/fig_geo_hubs_v9.pdf,211047,a2856fc403cfb784cec4cd907b4bbbdf34d7750e6bbd3f17c64ef82a306f18c0
04_图表_figures/ml_bunkering_v1/fig_geo_hubs_v9.png,448835,cdad587f2407f3f73e0a2f70896c20e1f76ed57756fdfdd8eee01baf358d0973
04_图表_figures/ml_bunkering_v1/fig_geo_network_v9.pdf,2312321,5876d5bb03c5717670a4c9e663794e3b87eec77eb7a60a0e2c655f94c4ac9412
04_图表_figures/ml_bunkering_v1/fig_geo_network_v9.png,952193,c90f43a81f8cc7a4cefcaee7e8a9b8825c9056a3dc1e2f02972c14c3e2b433d5
04_图表_figures/ml_bunkering_v1/fig_hormuz_network_scenario_v8.pdf,24001,c1d94d3fdbfd5fc74e5401e57b9b9fa8d71561adcd74c419866310efa6d8ce63
04_图表_figures/ml_bunkering_v1/fig_hormuz_network_scenario_v8.png,69254,a88e2d4b84ac637e7031c9e03a9413571841d29c46b3ef3a35d7566876115758
04_图表_figures/ml_bunkering_v1/fig_stage1_calibration_v9.pdf,52775,cd492e6890ddb574ed1af3b5fca5b672af25063cef773bba9739f43ff87bdd5d
04_图表_figures/ml_bunkering_v1/fig_stage1_calibration_v9.png,267484,57ec965c59c61ae87bda29a345009b4cbb331dacadecf8b64eb8bd744979d85c
04_图表_figures/ml_bunkering_v1/fig_stage1_permutation_v9.pdf,25739,11f38640a16111e83090cdf8675f546b966ec546ec53d26730ee1b5a983e187b
04_图表_figures/ml_bunkering_v1/fig_stage1_permutation_v9.png,231897,3fadb5a1b5314a1b8de6de595001e5d05eaa603ddb49687a0a30c1fa76359ede
04_图表_figures/ml_bunkering_v1/fig_stage1_roc_pr_v9.pdf,201388,dbee284b8bbd900896e284e67d296c3c00aef7f3f2dc95fd6fc996b2535b4a5c
04_图表_figures/ml_bunkering_v1/fig_stage1_roc_pr_v9.png,297714,ed90ab4e81d1b6f64447c136c3af608f0ffb0ee67bb6e5dd15ee5a7108e80888
04_图表_figures/ml_bunkering_v1/fig_stage2_topk_curve_v9.pdf,32292,c6bd774c43af46ee7e3ac49b2583d191fab9a32f72ff424fb7bd44e1cca0904c
04_图表_figures/ml_bunkering_v1/fig_stage2_topk_curve_v9.png,201060,884bd91e5eb51b42a5655ce0ce70ae70b63958e2fe6af978d828149f3876003c
04_图表_figures/ml_bunkering_v1/fig_stage2_utility_weights_v9.pdf,39660,0c9f8577feb8497068926e3c8996b48783eca5e8c9d87ccb11b5525561c6049a
04_图表_figures/ml_bunkering_v1/fig_stage2_utility_weights_v9.png,134813,f92f23cbb548570a51ef6c8af1e71b78e814f1e7b743a4a71a5dd859cb5dbc62
04_图表_figures/ml_bunkering_v1/fig_two_stage_system_v9.pdf,43331,e9aea538e3a8875f5a044adc3ba62ea00255558a5dd0cbbd9d55464812366681
04_图表_figures/ml_bunkering_v1/fig_two_stage_system_v9.png,203457,e70e58abb39d15ec8c50b23e24a56f8369768746993df7ce178f9b56b07af439
DATA_AVAILABILITY.md,4093,3e4444e7da7425cdadcf51a14513f58e91f7e0aff697c84fb3d71e382f53e982
MANIFEST.csv,10288,d7dcef21759359b0665de9ac4c84807ddbecb0567e1b146b12a17bcf424d7520
README.md,7527,bb31542aa5b2c6462e8dbdf0faa7edc5b89f8cbe60859bebd5dc186c1262fe7f
README_zh-CN.md,4886,98fe72cb990db9f4af15ede2d293752a61740238f5d636f4b496286b6bf9dba6
requirements.txt,109,d31e6f7d365ed2bbb198b7fabae91cb7dc73699c070372f2b81071436f9d23eb
