rep,model,events,candidate_recall,top1_end_to_end,top3_end_to_end,top5_end_to_end,mrr_end_to_end,conditional_top1,conditional_top5,habit_change_events,change_precision,change_recall,change_f1
0,shuffle,23296,0.9843320741758241,0.2242445054945055,0.5289749313186813,0.6959993131868132,0.4228195522805547,0.22781387641184422,0.7070777550041428,14960,0.8152134912091855,0.9806629834254144,0.890317018691955
1,shuffle,23296,0.9843320741758241,0.22682005494505494,0.5328811813186813,0.6988324175824175,0.4255156031336617,0.23043042169988226,0.7099559548209847,14960,0.8179788230209609,0.9803176795580111,0.891820787686025
2,shuffle,23296,0.9843320741758241,0.2253176510989011,0.5303056318681318,0.6983602335164835,0.4240351159110237,0.2289041036151934,0.709476254851511,14960,0.8179269695227142,0.9823031767955801,0.8926106055851898
3,shuffle,23296,0.9843320741758241,0.22398695054945056,0.5314217032967034,0.6947544642857143,0.42351187634808773,0.22755222188304042,0.7058130914482578,14960,0.8167757715272282,0.9801450276243094,0.8910339415342359
4,shuffle,23296,0.9843320741758241,0.2207245879120879,0.5314646291208791,0.6944110576923077,0.42213107197968674,0.22423793118485894,0.7054642187431861,14960,0.8171687396649652,0.9811809392265194,0.8916957596202879
5,shuffle,23296,0.9843320741758241,0.2224845467032967,0.5339543269230769,0.6975446428571429,0.42322129330230435,0.22602590379835158,0.7086476821769657,14960,0.8154886028618681,0.9790227900552486,0.8898042446353615
6,shuffle,23296,0.9843320741758241,0.22720638736263737,0.5307348901098901,0.6930803571428571,0.42522139503317147,0.23082290349308796,0.7041123370110332,14960,0.8166798362186625,0.9814399171270718,0.8915114683395413
7,shuffle,23296,0.9843320741758241,0.22523179945054944,0.5330099587912088,0.7003348214285714,0.4247138810406117,0.22881688543892548,0.7114822729056736,14960,0.8170169881946444,0.979799723756906,0.8910346993248548
8,shuffle,23296,0.9843320741758241,0.22574690934065933,0.5337396978021978,0.6966861263736264,0.42517807094260274,0.2293401944965331,0.7077755004142864,14960,0.8181295377758608,0.9824758287292817,0.8928025102961364
9,shuffle,23296,0.9843320741758241,0.22991071428571427,0.5356713598901099,0.6987894917582418,0.4280774849999916,0.23357027604552788,0.7099123457328508,14960,0.8190195090346267,0.9821305248618785,0.893189401373896
10,shuffle,23296,0.9843320741758241,0.22566105769230768,0.535413804945055,0.697501717032967,0.4252848950024002,0.22925297632026514,0.7086040730888317,14960,0.8157459952589613,0.9803176795580111,0.8904920603803176
11,shuffle,23296,0.9843320741758241,0.2239010989010989,0.5312070741758241,0.6954842032967034,0.42298252726368096,0.2274650037067725,0.7065544459465353,14960,0.8172398906317456,0.9804903314917127,0.8914527902048505
12,shuffle,23296,0.9843320741758241,0.22312843406593408,0.5322802197802198,0.693123282967033,0.4224667344445288,0.22668004012036108,0.7041559460991671,14960,0.815721464465183,0.9809219613259669,0.8907266598730109
13,shuffle,23296,0.9843320741758241,0.2205099587912088,0.5246823489010989,0.6962139423076923,0.41992826856427085,0.2240198857441891,0.7072958004448127,14960,0.8156741613389843,0.9802313535911602,0.8904136443834543
14,shuffle,23296,0.9843320741758241,0.22703468406593408,0.5328811813186813,0.6958276098901099,0.425674449861377,0.2306484671405521,0.706903318651607,14960,0.8162018401380103,0.9802313535911602,0.8907279573266395
15,shuffle,23296,0.9843320741758241,0.2240728021978022,0.5338255494505495,0.6982743818681318,0.4243040981044882,0.22763944005930836,0.7093890366752431,14960,0.8160811978116902,0.9786774861878453,0.8900141309467734
16,shuffle,23296,0.9843320741758241,0.22411572802197802,0.5351991758241759,0.6966432005494505,0.42440342040901974,0.22768304914744233,0.7077318913261523,14960,0.8154907314269292,0.979799723756906,0.8901262646066975
17,shuffle,23296,0.9843320741758241,0.22338598901098902,0.530992445054945,0.6969436813186813,0.4231544712745297,0.2269416946491649,0.7080371549430902,14960,0.8157156220767072,0.9785911602209945,0.889760998390958
18,shuffle,23296,0.9843320741758241,0.2208962912087912,0.5314646291208791,0.6984460851648352,0.4223051043307595,0.2244123675373948,0.709563473027779,14960,0.8164379624973058,0.9810082872928176,0.8911892718503706
19,shuffle,23296,0.9843320741758241,0.22617616758241757,0.5373883928571429,0.6972441620879121,0.4255420721348225,0.22977628537787276,0.7083424185600279,14960,0.8162752280399339,0.9810946132596685,0.8911279256674638
20,shuffle,23296,0.9843320741758241,0.22630494505494506,0.5330099587912088,0.6958276098901099,0.4251364612323351,0.22990711264227465,0.706903318651607,14960,0.8188834391229083,0.9800587016574586,0.8922508645080164
21,shuffle,23296,0.9843320741758241,0.2288804945054945,0.5328811813186813,0.6994333791208791,0.4271635435087839,0.23252365793031268,0.7105664820548603,14960,0.8188839962463005,0.9792817679558011,0.89192907968707
22,shuffle,23296,0.9843320741758241,0.22570398351648352,0.5313358516483516,0.6966432005494505,0.4246116971564598,0.22929658540839912,0.7077318913261523,14960,0.8171864870705179,0.9793680939226519,0.8909569246475831
23,shuffle,23296,0.9843320741758241,0.2210679945054945,0.527086195054945,0.6940676510989011,0.420997990070597,0.22458680388993066,0.7051153460381143,14960,0.8150032241885792,0.9819578729281768,0.8907247171214909
24,shuffle,23296,0.9843320741758241,0.22342891483516483,0.5310782967032966,0.696042239010989,0.4229179808414599,0.22698530373729886,0.7071213640922769,14960,0.8163910855499641,0.9803176795580111,0.8908762846159881
25,shuffle,23296,0.9843320741758241,0.22411572802197802,0.5333962912087912,0.6954412774725275,0.4239929304843796,0.22768304914744233,0.7065108368584013,14960,0.8169459828813925,0.9804903314917127,0.8912779063836466
26,shuffle,23296,0.9843320741758241,0.2212396978021978,0.5303485576923077,0.698489010989011,0.42216640582439424,0.22476124024246652,0.709607082115913,14960,0.815223623853211,0.981871546961326,0.8908208020050126
27,shuffle,23296,0.9843320741758241,0.22651957417582416,0.5324948489010989,0.701407967032967,0.42545232073273004,0.23012515808294448,0.7125725001090227,14960,0.8154949784791966,0.981353591160221,0.8907694718696129
28,shuffle,23296,0.9843320741758241,0.22669127747252749,0.5361435439560439,0.6971153846153846,0.4259360864205419,0.23029959443548034,0.708211591295626,14960,0.8173956907112488,0.9791954419889503,0.891009779663014
29,shuffle,23296,0.9843320741758241,0.22402987637362637,0.5291895604395604,0.6965573489010989,0.4232324994179431,0.2275958309711744,0.7076446731498844,14960,0.818535601037763,0.9804903314917127,0.8922230950510605
30,shuffle,23296,0.9843320741758241,0.22179773351648352,0.5300910027472527,0.6948832417582418,0.4222272959348568,0.2253281583882081,0.7059439187126597,14960,0.8158310587559259,0.9804903314917127,0.8906139731827806
31,shuffle,23296,0.9843320741758241,0.22437328296703296,0.5290178571428571,0.6944969093406593,0.4230819120584605,0.22794470367624614,0.705551436919454,14960,0.8175670815049277,0.9810946132596685,0.891897194428095
32,shuffle,23296,0.9843320741758241,0.21986607142857142,0.5333533653846154,0.6985319368131868,0.42169670273254073,0.22336574942217957,0.7096506912040469,14960,0.8165124453052148,0.9826484806629834,0.8919098922624877
33,shuffle,23296,0.9843320741758241,0.22591861263736263,0.5361864697802198,0.6937242445054945,0.42530049138255943,0.22951463084906895,0.7047664733330427,14960,0.8169135624910111,0.9806629834254144,0.8913299333071792
34,shuffle,23296,0.9843320741758241,0.22557520604395603,0.5364869505494505,0.7000772664835165,0.42570302915409597,0.2291657581439972,0.7112206183768698,14960,0.8191796649335644,0.9792817679558011,0.8921044353570305
35,shuffle,23296,0.9843320741758241,0.22171188186813187,0.5306061126373627,0.6946256868131868,0.4220106856843356,0.22524094021194016,0.7056822641838559,14960,0.8145652641387714,0.9810082872928176,0.8900724495790092
36,shuffle,23296,0.9843320741758241,0.22171188186813187,0.5303485576923077,0.6932949862637363,0.42134255719961855,0.22524094021194016,0.704330382451703,14960,0.814820123262147,0.9815262430939227,0.890437778996006
37,shuffle,23296,0.9843320741758241,0.22304258241758243,0.5294900412087912,0.6974158653846154,0.4227397158531887,0.22659282194409314,0.7085168549125638,14960,0.8181883640552995,0.9809219613259669,0.8921953517587939
38,shuffle,23296,0.9843320741758241,0.2199948489010989,0.5307348901098901,0.6948403159340659,0.42094596429966014,0.2234965766865815,0.7059003096245258,14960,0.8176712032836466,0.9802313535911602,0.89160221428291
39,shuffle,23296,0.9843320741758241,0.2221411401098901,0.5300051510989011,0.696771978021978,0.42222141705671806,0.22567703109327983,0.7078627185905543,14960,0.8188630304777001,0.9810946132596685,0.8926677924832109
40,shuffle,23296,0.9843320741758241,0.22733516483516483,0.529532967032967,0.6978021978021978,0.4253900454276096,0.23095373075748987,0.7089093367057695,14960,0.8174626006904487,0.9811809392265194,0.8918706842435656
41,shuffle,23296,0.9843320741758241,0.23033997252747251,0.5369591346153846,0.6981456043956044,0.42876605808366713,0.23400636692686755,0.7092582094108412,14960,0.8185547718439614,0.9817852209944752,0.8927702331423188
42,shuffle,23296,0.9843320741758241,0.22626201923076922,0.5301768543956044,0.695570054945055,0.4248131863063787,0.22986350355414067,0.7066416641228032,14960,0.8171029919447641,0.9807493093922652,0.8914783427495292
43,shuffle,23296,0.9843320741758241,0.22750686813186813,0.5341689560439561,0.6985748626373627,0.42621616009091357,0.23112816711002573,0.7096943002921808,14960,0.8177835236658766,0.9829074585635359,0.8927745324812797
44,shuffle,23296,0.9843320741758241,0.2244162087912088,0.5331387362637363,0.6976734203296703,0.4239240885066004,0.22798831276438009,0.7087785094413676,14960,0.8162972527078401,0.982389502762431,0.8916748285994124
45,shuffle,23296,0.9843320741758241,0.22368646978021978,0.5354567307692307,0.6973729395604396,0.42449605129989487,0.22724695826610267,0.7084732458244298,14960,0.8167302021146515,0.9802313535911602,0.8910424922509514
46,shuffle,23296,0.9843320741758241,0.22643372252747251,0.5316363324175825,0.6966002747252747,0.4251574025526028,0.23003793990667656,0.7076882822380184,14960,0.817841726618705,0.981353591160221,0.8921676345942552
47,shuffle,23296,0.9843320741758241,0.2212396978021978,0.5323660714285714,0.6979309752747253,0.4223886416030693,0.22476124024246652,0.7090401639701713,14960,0.815319515168902,0.981353591160221,0.890664786304697
48,shuffle,23296,0.9843320741758241,0.22523179945054944,0.5376888736263736,0.7000772664835165,0.4251130377976639,0.22881688543892548,0.7112206183768698,14960,0.8163588011212535,0.9804903314917127,0.8909283445111189
49,shuffle,23296,0.9843320741758241,0.2248025412087912,0.5298763736263736,0.695054945054945,0.42358917680068303,0.2283807945575858,0.7061183550651956,14960,0.8150168688536358,0.9801450276243094,0.8899862825788751
50,shuffle,23296,0.9843320741758241,0.22252747252747251,0.5289320054945055,0.6960851648351648,0.422080855743223,0.22606951288648555,0.7071649731804108,14960,0.8169318263623929,0.9796270718232044,0.8909126594700687
51,shuffle,23296,0.9843320741758241,0.22484546703296704,0.5313358516483516,0.6950120192307693,0.4237184201450908,0.22842440364571978,0.7060747459770617,14960,0.8166894664842681,0.9791954419889503,0.8905900365092451
52,shuffle,23296,0.9843320741758241,0.22321428571428573,0.536615728021978,0.6985748626373627,0.42452293499385135,0.22676725829662903,0.7096943002921808,14960,0.8156171284634761,0.978332182320442,0.8895953530358335
53,shuffle,23296,0.9843320741758241,0.22205528846153846,0.5286744505494505,0.6945398351648352,0.42190711130111475,0.2255898129170119,0.7055950460075879,14960,0.8194143949228329,0.980835635359116,0.8928880157170923
54,shuffle,23296,0.9843320741758241,0.22587568681318682,0.5293183379120879,0.6938100961538461,0.42435932554414857,0.22947102176093498,0.7048536915093105,14960,0.8156857122374364,0.9822168508287292,0.8912387890181334
55,shuffle,23296,0.9843320741758241,0.22364354395604397,0.5311212225274725,0.6941535027472527,0.42306086606848997,0.2272033491779687,0.7052025642143823,14960,0.8167445203018325,0.9810946132596685,0.8914075061767128
56,shuffle,23296,0.9843320741758241,0.22471668956043955,0.5321514423076923,0.6979739010989011,0.42410479678689783,0.22829357638131786,0.7090837730583054,14960,0.8177165921868242,0.9793680939226519,0.8912718988137325
57,shuffle,23296,0.9843320741758241,0.2251459478021978,0.5354567307692307,0.6986177884615384,0.42534739809298844,0.22872966726265753,0.7097379093803149,14960,0.8165552920888123,0.9810082872928176,0.8912591663072036
58,shuffle,23296,0.9843320741758241,0.22278502747252749,0.5293183379120879,0.6963856456043956,0.42218818035449557,0.22633116741528936,0.7074702367973486,14960,0.8157743648629252,0.9812672651933702,0.8909005407947331
59,shuffle,23296,0.9843320741758241,0.22132554945054944,0.530992445054945,0.6956988324175825,0.4216778874904763,0.22484845841873446,0.7067724913872051,14960,0.8168235040586165,0.9816125690607734,0.8916683003332679
60,shuffle,23296,0.9843320741758241,0.22252747252747251,0.5313358516483516,0.6979309752747253,0.42267360891734607,0.22606951288648555,0.7090401639701713,14960,0.8138054363376251,0.9821305248618785,0.8900797997183539
61,shuffle,23296,0.9843320741758241,0.22686298076923078,0.5330099587912088,0.7002489697802198,0.42631231356180294,0.23047403078801623,0.7113950547294056,14960,0.8173118434307095,0.9805766574585635,0.8915312769798289
62,shuffle,23296,0.9843320741758241,0.22699175824175824,0.5327953296703297,0.697501717032967,0.42498064071058866,0.23060485805241812,0.7086040730888317,14960,0.8185027739750702,0.9806629834254144,0.8922750657817226
63,shuffle,23296,0.9843320741758241,0.2208533653846154,0.5332245879120879,0.6981885302197802,0.4223398734935595,0.22436875844926082,0.7093018184989752,14960,0.8140534345677244,0.9810946132596685,0.8898023096496379
64,shuffle,23296,0.9843320741758241,0.22278502747252749,0.5285456730769231,0.6975875686813187,0.4222402007282229,0.22633116741528936,0.7086912912650997,14960,0.8151206203331419,0.9800587016574586,0.8900125431169645
65,shuffle,23296,0.9843320741758241,0.2247596153846154,0.5332675137362637,0.6974158653846154,0.4244790493109283,0.22833718546945184,0.7085168549125638,14960,0.8169237422516938,0.9784185082872928,0.8904077303794485
66,shuffle,23296,0.9843320741758241,0.22578983516483517,0.5333962912087912,0.6975446428571429,0.42447050229425853,0.22938380358466703,0.7086476821769657,14960,0.8147138964577657,0.980835635359116,0.8900900900900901
67,shuffle,23296,0.9843320741758241,0.2203811813186813,0.5273008241758241,0.6917925824175825,0.42066318125349306,0.22388905847978718,0.702804064367014,14960,0.8167889512300388,0.9802313535911602,0.8910774542886291
68,shuffle,23296,0.9843320741758241,0.22630494505494506,0.5303485576923077,0.6949690934065934,0.4245194984315221,0.22990711264227465,0.7060311368889276,14960,0.8181034482758621,0.9830801104972375,0.8930363864491845
69,shuffle,23296,0.9843320741758241,0.22484546703296704,0.5342548076923077,0.6962568681318682,0.4245952021724554,0.22842440364571978,0.7073394095329467,14960,0.8168213540542485,0.9800587016574586,0.8910253894753365
70,shuffle,23296,0.9843320741758241,0.22518887362637363,0.5317651098901099,0.6952695741758241,0.42432068233248404,0.2287732763507915,0.7063364005058654,14960,0.8157743235463443,0.9785911602209945,0.889795918367347
71,shuffle,23296,0.9843320741758241,0.2240728021978022,0.5367015796703297,0.6971583104395604,0.4249960031721547,0.22763944005930836,0.70825520038376,14960,0.8161225370343737,0.9797133977900553,0.890466849744998
72,shuffle,23296,0.9843320741758241,0.22145432692307693,0.5349845467032966,0.6979309752747253,0.4228350234610492,0.22497928568313635,0.7090401639701713,14960,0.8139801101810117,0.9821305248618785,0.8901842650913501
73,shuffle,23296,0.9843320741758241,0.22179773351648352,0.5314646291208791,0.6973729395604396,0.4218811015902335,0.2253281583882081,0.7084732458244298,14960,0.8157875852170793,0.981353591160221,0.8909440025079353
74,shuffle,23296,0.9843320741758241,0.22278502747252749,0.528073489010989,0.6944969093406593,0.4216701361529597,0.22633116741528936,0.705551436919454,14960,0.8161125870611043,0.9811809392265194,0.8910665987221199
75,shuffle,23296,0.9843320741758241,0.22321428571428573,0.5318080357142857,0.6980168269230769,0.42321565703510683,0.22676725829662903,0.7091273821464393,14960,0.8148785207482262,0.9815262430939227,0.8904726475310334
76,shuffle,23296,0.9843320741758241,0.22660542582417584,0.5391483516483516,0.6972870879120879,0.42610257022750997,0.23021237625921243,0.7083860276481618,14960,0.818705035971223,0.982389502762431,0.8931094019777115
77,shuffle,23296,0.9843320741758241,0.2210679945054945,0.5297046703296703,0.6949690934065934,0.4214580145359117,0.22458680388993066,0.7060311368889276,14960,0.8147829207032652,0.9801450276243094,0.8898467808299698
78,shuffle,23296,0.9843320741758241,0.22003777472527472,0.5279876373626373,0.6958276098901099,0.42051578614162016,0.22354018577471546,0.706903318651607,14960,0.8137669221402478,0.9807493093922652,0.8894891368173811
79,shuffle,23296,0.9843320741758241,0.22467376373626374,0.5348557692307693,0.6984031593406593,0.4252595740854196,0.2282499672931839,0.7095198639396451,14960,0.8197619906238731,0.9811809392265194,0.8932374553027624
80,shuffle,23296,0.9843320741758241,0.22145432692307693,0.5304344093406593,0.6949690934065934,0.4213961233414916,0.22497928568313635,0.7060311368889276,14960,0.8146925891383887,0.9803176795580111,0.8898640441954315
81,shuffle,23296,0.9843320741758241,0.2251459478021978,0.5272149725274725,0.6954412774725275,0.42308562992870496,0.22872966726265753,0.7065108368584013,14960,0.8152870830631799,0.9769509668508287,0.8888278028666797
82,shuffle,23296,0.9843320741758241,0.2242445054945055,0.5304344093406593,0.6961710164835165,0.4231903595743247,0.22781387641184422,0.7072521913566787,14960,0.8177956950543518,0.9806629834254144,0.8918547595682041
83,shuffle,23296,0.9843320741758241,0.22355769230769232,0.5303485576923077,0.6947973901098901,0.42341535170211575,0.22711613100170075,0.7058567005363918,14960,0.8162678738233815,0.9806629834254144,0.8909454531194855
84,shuffle,23296,0.9843320741758241,0.22381524725274726,0.5310782967032966,0.6965144230769231,0.42281057772159086,0.22737778553050456,0.7076010640617505,14960,0.814018691588785,0.9774689226519337,0.8882874401820036
85,shuffle,23296,0.9843320741758241,0.22536057692307693,0.5302197802197802,0.6965144230769231,0.4243327115566749,0.22894771270332737,0.7076010640617505,14960,0.8155905851867847,0.9781595303867403,0.8895081838521018
86,shuffle,23296,0.9843320741758241,0.2262190934065934,0.5332675137362637,0.6987036401098901,0.42494733623765074,0.2298198944660067,0.7098251275565828,14960,0.8178155130234566,0.9811809392265194,0.8920806844046778
87,shuffle,23296,0.9843320741758241,0.2245879120879121,0.5274725274725275,0.6966432005494505,0.4238262373809641,0.22816274911691597,0.7077318913261523,14960,0.8143000429861011,0.9811809392265194,0.8899851225432621
88,shuffle,23296,0.9843320741758241,0.22342891483516483,0.5324089972527473,0.699476304945055,0.42317649168733745,0.22698530373729886,0.7106100911429942,14960,0.8181425174724404,0.9802313535911602,0.8918823390802341
89,shuffle,23296,0.9843320741758241,0.22450206043956045,0.5300480769230769,0.6931662087912088,0.42347941858590604,0.22807553094064803,0.704199555187301,14960,0.8149659863945579,0.9824758287292817,0.890915495714118
90,shuffle,23296,0.9843320741758241,0.2249742445054945,0.5340401785714286,0.7003777472527473,0.42528470752905234,0.22855523091012167,0.7115258819938075,14960,0.8178548305877275,0.9814399171270718,0.8922111045713165
91,shuffle,23296,0.9843320741758241,0.22583276098901098,0.5331816620879121,0.6988753434065934,0.425065726653372,0.229427412672801,0.7099995639091187,14960,0.8173312221102634,0.9803176795580111,0.8914357484888924
92,shuffle,23296,0.9843320741758241,0.22201236263736263,0.5271720467032966,0.6963427197802198,0.42185352109462204,0.22554620382887794,0.7074266277092146,14960,0.8138618119266054,0.9802313535911602,0.8893327067669173
93,shuffle,23296,0.9843320741758241,0.22609031593406592,0.5329241071428571,0.6952695741758241,0.42417795701554634,0.2296890672016048,0.7063364005058654,14960,0.8170381020848311,0.9810946132596685,0.8915823330979838
94,shuffle,23296,0.9843320741758241,0.22875171703296704,0.5345123626373627,0.6987036401098901,0.42717356748422863,0.23239283066591077,0.7098251275565828,14960,0.8189344852411807,0.9819578729281768,0.893067441312711
95,shuffle,23296,0.9843320741758241,0.2224845467032967,0.5295758928571429,0.6952266483516484,0.4222068321685437,0.22602590379835158,0.7062927914177315,14960,0.8160143626570916,0.9809219613259669,0.8909012505390255
96,shuffle,23296,0.9843320741758241,0.2240728021978022,0.5346840659340659,0.7000772664835165,0.424594325271509,0.22763944005930836,0.7112206183768698,14960,0.8175748438509585,0.9830801104972375,0.8927213577391918
97,shuffle,23296,0.9843320741758241,0.2249313186813187,0.5292754120879121,0.6937671703296703,0.42339615247015056,0.2285116218219877,0.7048100824211766,14960,0.8167181772443038,0.9809219613259669,0.8913205475153939
98,shuffle,23296,0.9843320741758241,0.22042410714285715,0.5285885989010989,0.6956559065934066,0.42084907439138336,0.22393266756792116,0.7067288822990712,14960,0.8154343144292893,0.9805766574585635,0.8904131065297484
99,shuffle,23296,0.9843320741758241,0.22488839285714285,0.5314217032967034,0.6958705357142857,0.42386557258161645,0.22846801273385373,0.706946927739741,14960,0.8191320645905421,0.9809219613259669,0.8927561282212445
